e1,e2,e3,e4,e5,e6,e7
0.288062481,2.56901195,1.59290028,1.590573833,0.322915638,0.459768102,0.248511937
2.518767799,2.641227158,1.484699893,1.680881735,1.645526265,2.214676061,0.448774464
0.754720184,1.924249006,1.539900647,1.686202796,0.484804387,0.616627852,0.439187301
0.615945676,2.558477008,1.429413394,1.805852031,0.429414793,1.008188654,0.273852229
0.48294353,2.102123848,1.51772944,1.436456261,0.334486326,0.876533069,0.33233331
0.726703844,2.078408645,1.458220263,1.553076673,0.352908621,1.043678198,0.424790639
0.130541401,2.225896937,1.529964959,1.666959642,0.412078478,0.225784906,0.600071162
0.400630094,2.274804044,1.317788962,1.821358908,0.298645099,1.194041912,0.322118395
0.237923765,2.000444293,1.542215173,1.494419564,0.315178289,0.276552173,0.452598523
0.574861793,1.743098081,1.327237974,1.528354975,0.304534829,0.316222009,0.125487901
0.478273445,1.391803049,1.518637049,1.470076336,0.481881771,1.166092759,0.511751231
0.536149145,1.883670145,1.275647731,1.629655556,0.180339132,1.236450236,0.488036401
0.486832411,1.584611267,1.61252223,1.580028786,0.35522169,0.832198669,0.598057609
0.35726752,2.34521419,1.321984244,1.617044051,0.4342731,0.28600872,0.566615419
0.455303641,2.025636903,1.614427934,1.620056273,0.381125663,0.47576719,0.490595123
0.170957132,1.69166624,1.376404525,1.607905554,0.305203998,0.349434797,0.568467892
0.412653662,2.012623442,1.587766225,1.583091191,0.299522663,0.505785987,0.679173947
0.198653757,1.639577533,1.35816726,1.540123601,0.392452416,0.618337745,0.686122062
0.291103079,2.153697225,1.513684883,1.661664749,0.342965528,0.890338109,0.785142032
0.341883377,2.299708466,1.300482876,1.715473735,0.196701067,0.856947551,0.168715776
0.553873033,1.910679879,1.307080348,1.511643159,0.307169834,0.612162673,0.652607991
0.396056764,2.097888821,1.569114376,1.674977735,0.267635731,0.709991454,0.49761749
0.484314639,1.699361271,1.379559603,1.50812738,0.310202703,0.747454487,0.768067389
0.042492172,1.361424655,1.540822247,1.494485807,0.37072651,0.376109432,0.27505506
0.23944918,2.356497044,1.461951727,1.671789607,0.385822377,0.998497079,0.454872692
0.372027946,2.070701063,1.482455107,1.507559493,0.378441475,0.087777387,0.727010435
0.284406454,2.32452393,1.530217793,1.642860182,0.281030366,0.926438661,0.236193235
0.229405583,2.594556556,1.542603968,1.621077435,0.31335164,0.447395181,0.206367239
0.186826803,2.429879635,1.463697549,1.629628675,0.34869397,0.015729411,0.145985807
0.280271357,1.906646136,1.369905641,1.692689751,0.413792363,0.6342968,0.815712066
0.007392198,1.36461091,1.290293551,1.777860378,0.298552056,0.457515377,0.517208664
0.36852018,1.319010771,1.289459669,1.559118044,0.359834162,0.429966708,0.520923591
0.194608562,2.009525159,1.359582144,1.854853227,0.201781145,0.452871776,0.535575875
0.270909048,1.492776392,1.512405916,1.60197529,0.287877546,0.698617014,0.354742695
0.525917082,2.632404232,1.489819113,1.635456471,0.404319465,0.373237658,0.295084498
0.154399173,1.883251677,1.605258046,1.425957823,0.299678017,0.794198847,0.768595897
0.092694888,2.191621789,1.508278387,1.580806822,0.236536995,-0.082271727,0.67790039
0.455419836,2.15455766,1.317833313,1.55526069,0.446918686,0.767744566,0.507732146
0.325897395,1.84643606,1.31826107,1.586501197,0.332152572,0.494088498,0.571633283
0.358554427,1.320577298,1.515603775,1.577753682,0.233029411,1.173730547,0.528975658
0.390126836,1.551479073,1.569239707,1.41504586,0.310304939,0.542861947,0.292609906
0.297262347,2.387468325,1.544939062,1.650019627,0.248746592,0.502366067,0.512039964
0.361485773,1.066816538,1.55578294,1.575030544,0.265763254,0.658142749,0.546721465
0.291392063,1.560147056,1.499901344,1.603224287,0.332867861,0.938218501,0.395585291
0.26880672,1.626537328,1.365446029,1.754365744,0.389943582,0.229270303,0.817814889
0.278725603,1.474192738,1.366682736,1.700932268,0.173797021,0.315345606,0.55450239
0.118140829,2.627230546,1.350403884,1.602719402,0.321076517,0.409092527,0.561670417
0.256435264,2.341735407,1.545209022,1.629360383,0.429745329,0.235114555,0.712682591
0.550749447,2.08882288,1.339381445,1.46413344,0.373660914,0.917849279,0.738234856
0.229963851,1.698317547,1.593652651,1.676067835,0.26006781,-0.070414413,0.383497586
0.432224556,1.443291524,1.620734359,1.591327672,0.352698909,0.580808758,0.683206525
0.194406845,2.250617239,1.406966132,1.768590493,0.287052937,0.602582287,0.793033036
0.460604447,2.369969103,1.362627358,1.581020679,0.297110902,0.901280546,0.539618029
0.271936872,2.019317814,1.354191936,1.503377656,0.386826675,1.288434997,0.91756822
0.065836226,1.572824603,1.558883919,1.550241945,0.417179145,0.576846785,0.316269538
0.245349507,1.184244249,1.293329317,1.400071167,0.234761588,-0.301548863,0.35063171
0.26151872,1.296015765,1.517744115,1.470445488,0.377293486,0.857465997,0.475661133
0.183272041,2.31358096,1.311649101,1.537491676,0.313933944,1.146906,0.806025565
0.245036926,2.074695526,1.455455245,1.609278284,0.381790534,0.550756146,0.47437387
0.251045496,1.534112909,1.514201436,1.595162502,0.189838987,1.265488876,0.367051653
0.407871823,1.702340854,1.259941436,1.547514121,0.281638337,0.113469854,0.634782539
0.364251047,1.725931769,1.514196998,1.670125774,0.337550175,0.279964992,0.474852066
0.418644752,1.577215376,1.311575208,1.524381754,0.335103046,0.162507148,0.313903623
0.443884475,1.464601038,1.521672496,1.545036384,0.376921771,1.059764345,0.657783252
0.405724763,1.34601211,1.55403113,1.74637592,0.381506619,0.77979632,0.50888661
0.592655988,1.800317786,1.516871892,1.714710053,0.533855076,0.860792033,0.350594507
0.466187471,2.576611656,1.458369478,1.660791731,0.492094811,0.529610047,0.765278636
0.580297357,1.24850028,1.401975891,1.665503534,0.418592821,0.997651719,0.528316723
0.619403271,1.501649347,1.298688497,1.720914386,0.421192384,0.519876069,0.26729503
0.616877083,2.17731296,1.601620925,1.832060642,0.477211414,0.410352696,0.76392262
0.68711977,1.925397718,1.57179075,1.597445407,0.512406567,1.083405639,0.554906826
0.667876425,2.047800176,1.399465799,1.609624996,0.571629159,1.213802702,0.352369807
0.899629753,1.994521419,1.365501601,1.654269057,0.525071518,1.335449774,0.543827974
0.718269399,2.056865702,1.330942638,1.522820276,0.554711506,1.064845091,0.524840821
0.705130899,1.849449461,1.487163985,1.659130151,0.474290732,1.488177312,0.545319365
0.590511908,2.150747757,1.444394283,1.679630122,0.350647638,0.581434716,0.480459768
0.922716903,1.619335065,1.413027443,1.66934896,0.566740547,1.212368366,0.668858181
0.368971054,2.317149587,1.474655343,1.476068175,0.468680943,0.692312301,0.490539522
0.591328318,1.182083796,1.506415006,1.696091312,0.459625965,1.641771538,0.659077942
0.63414502,1.604320496,1.493254735,1.715089116,0.540620169,0.621734323,0.642410273
0.703103154,1.738944625,1.496124013,1.520949321,0.559033412,0.631354857,0.30637742
0.546112429,2.252197475,1.457850266,1.714179857,0.519326492,0.813849289,0.741677046
0.396732329,2.153295312,1.505752728,1.735407687,0.501361087,0.611629973,0.823561951
0.632797757,1.590751158,1.516047917,1.520054288,0.512875907,0.813513995,0.559300144
0.551944814,2.684546804,1.454011102,1.690760822,0.400365495,1.351046802,0.495104359
0.634623501,1.790731554,1.300257951,1.574459057,0.473205124,0.373161377,0.466014644
0.521862867,2.565538765,1.420608099,1.765297767,0.282629197,0.296434725,0.594049585
0.598274111,2.108693559,1.439497746,1.610489384,0.539323361,0.905351864,0.798897499
0.328373084,1.372120537,1.357758384,1.627155464,0.514004496,0.430645736,0.508032984
0.69545969,2.065694582,1.544002235,1.601867123,0.557474081,1.052813483,0.380150034
0.895883342,2.578620366,1.30290589,1.674516128,0.435127269,0.58719387,0.717196923
0.510080507,2.186975017,1.467252072,1.561796882,0.642164465,1.379741267,0.444115795
0.573830567,1.088682454,1.418724045,1.56129227,0.560580341,1.228331333,0.791911887
0.508733841,2.098142276,1.347199983,1.721475453,0.500587815,0.733141722,0.556637186
0.633188468,1.42226861,1.531548826,1.780400695,0.49561257,0.223476711,0.736411874
0.699089676,1.958123207,1.489527069,1.602325247,0.486702564,0.918185909,0.053701385
0.697222933,2.021416123,1.478101476,1.69157323,0.544739589,0.736337538,0.225088511
0.556716905,2.015869412,1.445648359,1.682184658,0.384745,0.952941871,0.365703992
0.66974129,2.572427499,1.425273937,1.561351594,0.67153177,0.691769911,0.624126812
0.959123734,2.193694063,1.384841563,1.547448945,0.601983079,0.678814431,0.414461008
0.64400299,2.159074969,1.526652403,1.572088796,0.48491428,1.288326241,0.876047832
0.880194047,1.797670408,1.3654406,1.524759987,0.502945891,1.356922911,0.568276367
0.482450079,2.095264892,1.514450413,1.900804568,0.424261278,0.714013484,0.713105287
0.384252971,2.171835185,1.294251424,1.616885202,0.38464497,0.376449753,0.220864916
0.579899003,2.00619098,1.415668826,1.559904251,0.491812052,1.073030763,0.283523991
0.665315238,2.134386989,1.552526113,1.71942356,0.510881607,0.755028271,0.214305883
0.741512759,1.674376838,1.317251022,1.778146812,0.469046542,1.420008496,0.691742243
0.675554739,1.689188257,1.499079463,1.667595607,0.555644703,1.231873417,0.618872636
0.373177574,1.414705174,1.598529761,1.689749416,0.176662414,0.53086054,0.716158849
0.272971287,1.510009668,1.275908703,1.654995876,0.270491942,0.959392375,0.517285235
0.371363929,2.132353171,1.274933481,1.47785963,0.39959954,0.650063451,0.784503137
0.423636861,1.853266958,1.497787554,1.655962049,0.291105041,-0.027485327,0.847333337
0.210618891,2.338042267,1.329436585,1.661916913,0.392582271,0.850986316,0.960149788
0.45509388,2.042244479,1.343330054,1.629914413,0.417457596,0.67266945,0.474235315
0.691721008,1.931395944,1.485166208,1.481451847,0.579057246,0.742777217,0.204635128
0.642002151,2.383548961,1.395829326,1.749440916,0.383249186,0.807972801,0.430461251
0.415785475,2.056926552,1.314400008,1.469107591,0.342548859,0.655659497,0.354506362
0.488726036,1.871296407,1.355338874,1.73209557,0.278951965,0.682861765,0.597535257
0.711376838,2.019471125,1.383417384,1.821181326,0.390259023,-0.051525902,0.722832877
0.237513222,2.500366479,1.426854186,1.527572498,0.358908256,0.626006093,0.238184527
0.387370536,2.110874758,1.483423717,1.561874827,0.369831341,0.081775615,0.506241817
0.450020974,2.127239141,1.522977818,1.707089869,0.373697089,0.830412889,0.728540942
0.404802375,2.495909919,1.510867827,1.703480378,1.545691388,0.703696344,0.807620331
0.496617504,2.446359835,1.359254256,1.558184585,0.432495452,0.939098722,0.54667477
0.577952049,1.856118293,1.529272427,1.638277684,0.527932385,0.454901212,0.215167579
0.333027739,1.948068418,1.243614117,1.64211337,0.261960362,0.121460906,0.387654545
0.233070707,2.110693688,1.32051527,1.601647668,0.302907387,0.236877299,0.491725781
0.34484243,2.11198355,1.450423189,1.484953756,0.48252346,0.617696522,0.479853871
0.426739233,1.674867967,1.571929032,1.587343837,0.559457499,1.204704983,0.773802418
0.45539945,2.678163759,1.279796179,1.642501015,0.42946421,0.547373281,0.625130344
0.517732746,2.27153367,1.494457331,1.639950255,0.392120588,0.79211293,0.533459346
0.233239557,2.113394502,1.261972527,1.544822856,0.319056347,0.54774868,0.486107946
0.166838338,1.83704587,1.532605373,1.613450333,0.316551117,1.023039496,0.659062446
0.203319282,2.272140439,1.542432495,1.550996549,0.448060767,0.474219955,0.49058927
0.116771206,1.92773825,1.551783402,1.56052125,0.334912105,0.692282347,0.489495987
0.194029837,2.225854665,1.264194867,1.510837403,0.405967125,0.722205184,0.655675128
0.499933778,2.170290617,1.410280766,1.560521822,0.224266398,0.615098024,0.49001173
0.384043955,2.039050217,1.514011834,1.691859809,0.319731012,0.895640065,0.516975217
0.268422489,1.777830204,1.35147075,1.647548184,0.319869611,0.601348689,0.754681436
0.587075887,1.820207464,1.529527929,1.676988785,0.493050944,0.506567615,1.000218192
0.297306803,1.88760678,1.461754807,1.619105259,0.255342251,0.770194109,1.140873315
0.397901554,2.147623542,1.324576818,1.731483247,0.303388019,0.214179852,0.338176916
0.301923235,1.736633354,1.252141417,1.635097379,0.415669592,0.838085393,0.508390667
0.557785796,2.316806778,1.422736135,1.619823453,0.500730237,1.299377385,0.378895725
0.411913958,1.667913399,1.517780382,1.39491057,0.348294355,0.429840571,0.677742902
0.381858973,2.254564036,1.437836918,1.645957283,0.406400791,0.938865743,0.639761001
0.703065193,1.959615773,1.247949309,1.655406453,0.444901634,0.971395608,0.277250788
0.668804181,1.587723884,1.500088609,1.588453012,0.439038594,0.563318634,0.339617702
0.843433993,1.467527616,1.324247518,1.704849728,0.373384748,0.894307175,0.769031825
0.722108171,1.75648455,1.575140637,1.814309211,0.530599447,0.532755473,0.829778971
0.530010935,1.848666507,1.563466517,1.598253154,0.563705684,1.471466928,0.419476756
0.431289917,1.948884776,1.454694537,1.645134097,0.318627903,0.679774512,0.644729289
0.654039367,1.602703067,1.423317064,1.664677539,0.511429339,0.522151479,0.642349633
0.415552595,1.76528289,1.409863949,1.584158346,0.417223965,0.66470055,0.647110358
0.778228474,2.306670814,1.516937615,1.579763927,0.5054644,1.530238403,0.521641961
0.578731512,2.084028669,1.487013205,1.522955141,0.530443592,0.196988649,0.621307929
0.6725274,1.926233646,1.289527992,1.674472303,0.622506525,1.082423358,0.510327571
0.446417102,2.457635277,1.306444869,1.686211958,0.407421026,0.721786643,0.518605116
0.577331088,2.038029666,1.521305827,1.665861445,0.561306493,1.272651924,0.419829124
0.895803357,1.397744221,1.352804092,1.61652983,0.529783668,0.808000451,0.812684136
0.660647236,1.484214307,1.248757638,1.594874132,0.383458563,1.377952046,0.59436638
0.61966447,1.752699768,1.443415276,1.610284235,0.518215396,0.860852785,0.231891551
0.240215828,2.030811022,1.515589411,1.386894927,0.424722898,0.819234098,0.271910894
0.41293162,2.16686647,1.387475096,1.626020427,0.319066248,0.362539307,0.532512574
0.522080726,1.381334335,1.502305843,1.575451797,0.433825008,0.82687395,0.329320593
0.525131801,2.28130474,1.550128007,1.699451236,0.412939616,0.748687339,0.24396635
0.759281232,1.989893165,1.331002533,1.627391294,0.548173755,1.136455157,0.309648336
0.457483812,1.212910717,1.54372404,1.553083365,0.481268403,0.659427659,0.669816616
0.397299673,1.813334853,1.471202333,1.62788965,0.630323793,0.631106024,0.847155961
0.540462105,2.335854419,1.511782663,1.738030857,0.424046931,0.7717778,0.522389713
0.501722978,1.72289876,1.479474046,1.618791165,0.512125136,1.344444919,0.507820736
0.425619385,1.862952457,1.572311434,1.6515519,0.280802213,-0.157588235,0.482237976
0.474420718,2.419956262,1.459384078,1.615458846,0.538804609,0.343894108,0.483238682
0.472519897,2.307499439,1.485317026,1.586552975,0.400278016,0.219179401,0.462944108
0.258284237,1.91551956,1.381365069,1.665859715,0.343453528,0.371821151,0.18239662
0.459998595,1.588928808,1.429374194,1.743889974,0.424386581,0.180558563,0.830176916
2.332909031,1.970951171,1.475341662,1.539983543,1.565401787,2.315921453,0.649542385
2.097284096,2.006531397,1.556207072,1.439916644,1.692810265,1.717080078,0.811767709
2.264719712,2.192191927,1.355633662,1.698901822,1.413858804,2.302874278,0.282443932
2.49322631,2.70801363,1.570866157,1.688024804,1.457305193,2.062293091,0.532120462
2.390843459,2.494717072,1.292829279,1.630298935,1.684988681,2.073067792,0.457915928
2.096370022,1.970738506,1.465289725,1.477641606,1.537151958,1.640790571,0.452026576
2.063783649,2.072940728,1.372856933,1.736143172,1.492844528,1.878376961,0.848074663
2.365042664,1.857021953,1.254476566,1.767094964,1.445620184,1.952335241,0.459406433
2.119900898,2.153697385,1.269579486,1.71088238,1.543569976,1.965630488,0.223242122
2.192748503,2.262581752,1.297604815,1.476993798,1.440077447,2.275519774,0.239920116
2.382391262,2.345018283,1.273772088,1.697785031,1.459474847,1.629278346,0.596371602
2.118509527,1.352593551,1.376429661,1.633532798,1.504498656,2.215873521,0.558005309
2.144632101,1.341175995,1.344340032,1.699574017,1.460238689,1.383226456,0.651178408
2.264152874,2.529994171,1.438713286,1.591729875,1.326262538,2.01638205,0.425561625
2.224262183,1.902091918,1.286087846,1.528049581,1.519277628,2.804256438,0.224117567
2.22030257,1.701410511,1.380067491,1.654416891,1.515474214,2.100504565,0.300373434
2.271304888,2.12210958,1.59159877,1.583089897,1.462271461,1.716436445,0.980725149
2.118724735,2.691565333,1.324413741,1.576235239,1.41229301,2.464245761,0.196869931
2.043476489,1.838787251,1.5229065,1.567090509,1.522956853,1.786753574,0.613666545
2.18370507,2.337891815,1.460408503,1.664853687,1.557700905,1.793512914,0.184447343
1.978486282,2.226755988,1.318901514,1.611035956,1.398275542,1.839270761,0.128531206
2.168258443,1.910884352,1.516134393,1.744306724,1.524860447,2.049925764,0.551966578
2.105897494,1.392724919,1.47581148,1.613149406,1.447126575,1.988029883,0.351221227
2.048063449,2.094510614,1.54026888,1.562951958,1.442135064,2.612541244,0.513764072
2.138616246,1.998146194,1.386549669,1.44021277,1.446260938,2.542370717,0.336749003
2.121948197,1.238652426,1.440757357,1.595935994,1.495681979,2.553328503,0.833433535
2.175656636,2.249554475,1.379889328,1.627282083,1.446577483,1.72412832,0.488355049
2.027258887,2.707604082,1.444019566,1.373694717,1.53644786,2.352261246,0.320839318
2.282866898,2.841236268,1.610651572,1.438399549,1.529956192,2.167047012,0.423457185
2.007590359,2.278949659,1.314602898,1.686164746,1.374638978,2.343349862,0.740820808
2.262468229,2.212902451,1.320545849,1.591872418,1.48251743,1.872264111,0.251303986
2.325679137,1.829505514,1.493480209,1.620562771,1.619366569,1.787793859,0.573385984
1.967466848,1.756810536,1.468729561,1.49742107,1.458774076,2.367916471,0.522446779
2.30922789,1.674822913,1.329323105,1.611477717,1.560276375,2.185139922,0.912341896
1.958523653,2.170210607,1.270889819,1.694719519,1.448785742,2.058225616,0.688808993
2.109556722,2.127157387,1.490083586,1.736853652,1.370966309,2.053807269,0.208469849
2.060128257,1.885730648,1.514043361,1.709790548,1.481440445,1.835754023,0.601005585
2.148335012,1.899208451,1.427904688,1.640141099,1.383328414,1.901407035,0.461656032
2.098682391,2.334604824,1.509148945,1.664411473,1.631611525,2.095270569,0.813667959
2.23365821,2.188388248,1.35110011,1.428771031,1.566952352,1.890930787,0.346107164
2.307611668,1.806288515,1.488243671,1.641845716,1.422541517,1.942046924,0.362755208
2.091687416,2.137681586,1.27916262,1.594491757,1.579807861,1.755532299,0.65998611
2.164837748,2.27448663,1.487414104,1.618550942,1.473375344,2.70922921,0.291976155
2.265266094,1.984028297,1.505318493,1.466922497,1.507082688,2.103098054,0.505003755
2.11855518,1.687467635,1.382979666,1.608175719,1.540651186,2.332159829,0.770081804
0.454554514,1.975234682,1.611608305,1.470743035,0.460272804,0.383140063,0.241773659
2.230264064,1.756438641,1.230888661,1.556175053,1.372978613,2.064009901,0.626113071
2.03769885,1.653733548,1.345037937,1.466860357,1.597029005,2.182890751,0.381453401
2.068542265,1.983690844,1.306175745,1.724291881,1.462885152,2.469504452,0.29633177
2.368918982,1.418878437,1.310197493,1.637280233,1.6246263,2.794608579,0.809242431
2.180803801,1.930423763,1.505518669,1.875428712,1.602814075,1.93131085,0.318100932
2.269678242,2.456594672,1.293885873,1.785944164,1.519015496,2.211690495,0.434372198
2.338746805,2.443373533,1.284359505,1.810032649,1.687276174,2.262032463,0.560505507
2.560988859,2.293377867,1.4751153,1.64882795,1.682863753,2.720096263,0.67493961
2.051453432,1.519697515,1.641756281,1.569257007,1.489873362,1.793989342,0.912231779
2.10181175,1.527851337,1.473194602,1.926908546,1.562692007,1.836028945,0.331440275
2.154511716,1.506389216,1.360881513,1.506963855,1.590288202,1.91416711,0.356172089
2.053589745,1.743016446,1.474019564,1.608728779,1.500387784,1.939630597,0.736696889
2.62191756,1.795806291,1.306368638,1.60842341,1.609651413,2.647552899,0.792238808
2.641801303,1.656355589,1.214558655,1.621512747,1.635684687,2.513457547,1.027734441
2.382868022,1.792361133,1.392845385,1.564011095,1.615734574,1.879560495,0.697880355
2.595002796,2.185929837,1.587661559,1.479712792,1.673891185,1.938861391,0.693726767
2.313553302,1.388319591,1.532291267,1.561383946,1.491705339,2.19238389,0.537399141
2.51164954,1.540304601,1.484558821,1.629207518,1.657465469,1.662765417,0.269383084
2.546620514,1.729891211,1.268864675,1.795107523,1.618983421,2.359694451,0.472028414
2.327276603,1.380476196,1.48975983,1.857884647,1.636669068,2.276555235,0.316367533
2.190938117,0.578244543,1.288745919,1.554844714,1.651531072,2.215114537,0.607712031
2.533479481,2.184859572,1.381699679,1.563695424,1.635551919,1.950881429,0.459415955
2.430683013,2.293825195,1.314401612,1.573869466,1.520613731,1.989884842,0.465005195
2.510288406,1.959531301,1.320191854,1.457536085,1.683514583,1.706904997,0.546089796
2.21725193,1.755098034,1.442937142,1.507349058,1.58809754,2.966733662,0.595759163
2.276886416,2.509768861,1.57195915,1.714415033,1.413348132,1.948430998,0.525823378
2.333541089,1.814776961,1.299944763,1.597347713,1.500622388,1.821144532,0.472070267
2.501077479,1.551335273,1.393582288,1.497109782,1.676707985,2.304213252,0.304735395
2.254345728,1.366353368,1.36164246,1.524179224,1.462923814,2.232436576,0.461297062
2.386888812,2.279900028,1.425111944,1.741773748,1.631087563,2.262618168,0.326594649
2.291404745,1.404780721,1.578006231,1.651854891,1.54428256,2.665604986,0.150231311
2.330646215,1.247733759,1.290761507,1.666737665,1.515340622,2.043998988,0.54005406
2.395169631,1.877747626,1.328746358,1.462403925,1.391875799,2.601923141,0.227469323
2.590057215,1.759050029,1.475422098,1.625451795,1.539751233,2.267326471,0.456174544
2.560704464,1.912747547,1.500272912,1.456986614,1.66293695,2.413924035,0.527808798
2.425547218,2.219163789,1.542048877,1.353542598,1.438702267,2.407937934,0.495059487
2.203789054,2.104005738,1.501026459,1.68570545,1.464867496,1.952835294,0.477279773
2.485412346,2.058374193,1.35543576,1.714559095,1.499542175,1.600277514,0.263767257
2.148095057,2.158473649,1.33547144,1.636404672,1.408499626,2.313543624,0.196489711
2.33645312,1.186424086,1.459865848,1.602922159,1.477185868,2.201078505,0.813959557
2.45697589,2.036707494,1.557485038,1.733872104,1.641092005,1.951430993,0.199610563
2.217268664,1.922510578,1.468156543,1.642045385,1.484791835,2.372489129,0.509825328
2.246721164,2.135328773,1.393083808,1.822577348,1.609186761,1.738703941,0.090364283
2.151491525,2.66106912,1.507377508,1.494714928,1.596155368,1.662499454,0.192400277
2.327449332,2.149049081,1.515073899,1.588442271,1.543975336,2.011877276,0.509333021
2.083370972,2.346589955,1.513587714,1.665917712,1.499269473,2.040579961,0.374472531
2.039116018,1.671228866,1.499453437,1.585141205,1.624597308,2.3037989,0.209469523
2.231712525,1.855788646,1.290123964,1.575719058,0.109386746,2.023574719,0.293192926
2.352192332,1.680814711,1.461663532,1.464025003,1.523937448,2.175726406,0.483120032
2.156308428,2.011641481,1.407649022,1.721399819,1.421278085,2.517083375,0.953673943
2.339130908,2.011860289,1.356584485,1.733721376,1.588940844,2.370161458,0.639269241
2.295359731,2.537980087,1.2929853,1.585443303,1.491577021,1.707114672,0.521562307
2.11918837,1.319386762,1.590522409,1.697404059,1.476986026,2.193926441,0.344230958
2.140066984,1.173758051,1.511018066,1.666654204,1.533704453,2.206206009,0.806339088
2.490988005,0.81374941,1.284643521,1.627885767,1.627958488,2.346448769,0.883382096
2.039825004,2.197255321,1.307172282,1.653129039,1.452884899,1.762345758,0.582395933
2.228661004,1.890728501,1.455090305,1.487439098,1.385563586,2.079557022,0.44786226
2.212994799,1.587322117,1.475502224,1.564256058,1.348188593,2.748292246,0.525025312
2.157479969,2.007784034,1.443598888,1.59404047,1.439494397,1.37904398,0.747853207
2.11428974,2.161300412,1.492612702,1.696968402,1.455115745,1.937096354,0.493302819
2.12145611,2.670822751,1.389618854,1.589866648,1.527441849,2.362361802,0.849725456
2.505874299,1.758702437,1.495832342,1.802004512,1.41050766,2.609232198,0.375143502
0.462350837,1.703822832,1.449436726,1.643093811,0.470544328,0.362874162,1.00930778
2.058432418,1.941431602,1.432002907,1.590993101,1.484152693,1.565300101,0.536335431
2.111471748,1.789310075,1.370807432,1.622247838,1.417808903,2.116511845,0.804093829
2.061407868,2.641665783,1.369673717,1.579319471,1.496035869,1.722185695,0.954464904
2.2391046,2.435242465,1.449478573,1.664813316,1.560422275,2.255620581,0.236388509
2.062725345,1.982793501,1.249476718,1.577518172,1.486869482,1.794802633,0.448708836
2.053553039,2.54909643,1.489936227,1.733224707,1.427273248,1.298269152,0.105185797
2.348732204,1.833726598,1.481871836,1.570540363,1.532328471,2.238467181,0.720945052
2.370067281,2.055285428,1.359138138,1.773593351,1.532266718,2.129267829,0.730926131
2.223710281,2.070032001,1.320863466,1.788095859,1.250399637,2.089655904,0.667314401
2.419959958,2.394155222,1.414327667,1.848308308,1.45690206,2.251697765,0.426976754
2.181741152,1.967366093,1.289849492,1.415077632,1.47699086,1.616116164,0.852511221
1.889932175,2.162149738,1.477171526,1.597354667,1.2704382,1.286960108,0.242260812
2.173281698,1.756379931,1.422984775,1.827870017,1.451479401,2.633023288,0.436793506
2.075911973,1.847294185,1.568661709,1.610843403,1.22667613,2.248362122,0.709275237
2.331760309,2.663006991,1.447705513,1.653919343,1.482234217,2.244683633,0.549569837
1.857106871,1.510607734,1.60056513,1.657860839,1.385472668,1.82769835,0.288513835
1.985878258,1.589456614,1.482818737,1.624099966,1.462175961,1.922395841,0.507444517
1.89726575,1.913427919,1.524923317,1.593934778,1.327217524,1.719411189,0.554773585
2.289226434,2.002693248,1.464048594,1.694834588,1.49725184,1.859188554,0.518486184
2.195629939,1.662415449,1.551553359,1.56928887,1.51155348,2.540187949,0.251570799
1.970029834,1.393669401,1.327627017,1.595507701,1.558606529,1.924066478,0.413716237
2.224639641,1.441340719,1.450160275,1.590884462,1.326987356,2.133336199,0.822729556
2.016020368,1.694524905,1.305940641,1.865223851,1.347924744,1.752964694,0.785559214
1.951121916,1.471510957,1.527650844,1.603324216,1.471176093,1.557507648,0.554260107
2.279391934,2.432659468,1.305499884,1.753774699,1.475868526,2.802773191,0.72695206
1.842988039,1.707477776,1.322787636,1.736506768,1.355983154,2.454360706,0.566810146
1.801098152,2.137266627,1.326465822,1.661724815,1.330579593,1.457729497,0.801039444
1.901538919,1.999017121,1.484953411,1.374106639,1.312273189,2.100277605,0.791413836
2.315549025,1.768482988,1.260584459,1.741932973,1.446244831,1.664604627,0.659081335
2.149468323,1.445205176,1.513248228,1.649944889,1.52051926,1.698132222,0.573827163
1.838905719,2.16633066,1.375834466,1.516890138,1.511295288,1.751910959,0.863249687
2.336363236,0.965447419,1.573548728,1.710704027,1.415314365,2.103210773,0.337103402
2.2641033,2.293328459,1.4458372,1.495477334,1.398529706,1.744305137,0.763475675
2.1643142,2.087952734,1.350512484,1.61088782,1.425684237,1.681584011,0.790021866
2.185523538,1.150132001,1.52539042,1.678992421,1.427892112,2.316104174,0.565920251
2.205273143,1.793147402,1.502546898,1.545950244,1.45379518,2.162353726,0.563589843
2.023796357,1.948178741,1.340097368,1.78305025,1.560800093,2.12057955,0.447171837
2.185135902,2.295152419,1.373950681,1.63175586,1.510703816,1.553113542,0.750734752
2.285814504,2.278527349,1.338391885,1.658856622,1.424806597,2.879318646,0.219243936
2.045575717,2.190838132,1.247116701,1.653616658,1.396315492,2.443257723,0.550464093
2.188169738,2.10139823,1.504239514,1.465796664,1.229467458,1.958686772,0.550574789
2.327211433,1.588496919,1.517752635,1.779277258,1.4426524,2.008052546,0.3143539
2.21121344,0.99201037,1.393726006,1.440806948,1.501252772,2.193616917,0.875480128
2.200013256,1.514356606,1.242632714,1.595816225,1.407807424,2.514319878,0.48183777
2.073111772,1.622471311,1.325242945,1.682800965,1.515365367,1.284381576,0.689581427
2.139798647,1.801933943,1.324705392,1.910492753,1.491396337,1.82335997,0.396685154
2.104471921,2.215957855,1.503391686,1.818135636,1.516402749,2.456957277,0.505372466
1.837285074,1.257593042,1.475542147,1.425060672,1.30485601,1.687866231,1.035791385
2.149955323,1.999300952,1.294024697,1.865024969,1.618617536,2.07088819,0.632271865
2.277683305,1.442513837,1.317258731,1.616877295,1.445801645,2.392966991,0.690007257
2.191520627,0.541731515,1.539371198,1.744425952,1.527366247,2.601387844,0.787969294
2.300232348,2.010719755,1.548755517,1.621371404,1.438469646,2.073559031,0.352936864
2.122840643,1.705250603,1.513450564,1.661655361,1.463690865,2.562806902,0.291521466
2.170126024,1.595425912,1.474044911,1.469057533,1.598994655,1.898363053,1.011597537
2.130252921,1.483327122,1.335108216,1.622958193,1.66064178,2.044766654,0.587390172
2.265933563,1.580370053,1.502052642,1.51940714,1.605926389,2.382810389,0.320911574
2.126124782,2.749654614,1.46218027,1.718334964,1.535972595,2.089945368,0.669005559
2.491296449,1.630397603,1.518061889,1.43722577,1.50418336,2.006367763,0.744773019
1.934792544,2.160337837,1.582747162,1.471292215,1.560510744,1.3637079,0.776345732
2.639773094,1.35226434,1.47883889,1.562877491,1.613285776,2.095754361,0.434151972
2.189747489,1.568782453,1.53622101,1.403938012,1.44648434,2.469323551,0.572600871
2.282543525,2.066643422,1.287621245,1.612516246,1.496478095,1.866792286,0.79557091
1.932969539,2.344017561,1.622046066,1.402522383,1.416539803,2.40133919,0.515837503
1.773087759,1.943213517,1.62580045,1.566055812,1.289326732,2.394130556,0.434716654
1.82958675,2.232483831,1.557585593,1.607368247,1.299833807,1.839710532,0.762127631
1.949210565,1.841123548,1.387707065,1.649903961,1.32420984,1.61383794,0.263925432
1.773441161,1.592808914,1.4793463,1.56246665,1.325005339,1.57015265,0.531986837
1.959553963,1.251873606,1.496759964,1.462551628,1.264224287,1.849918668,0.462783567
1.924694764,1.982611276,1.446013097,1.663036792,1.21084711,1.626562831,0.285168992
2.145812686,1.497642408,1.437026032,1.68851792,1.301652369,2.185725386,0.546927095
1.866677145,2.119622972,1.411631715,1.616423151,1.350339178,1.680092448,0.867902591
1.838649004,1.707808661,1.591859247,1.661348788,1.321678629,2.061307828,0.659585996
1.896897883,2.340129055,1.384247128,1.89917215,1.243323932,1.752383226,0.286757489
2.146418624,2.154616501,1.613035151,1.772626098,1.356689468,1.690231322,0.799001891
2.060246393,1.779539192,1.37382677,1.658938477,1.345243103,2.302448617,0.801854413
1.943107635,1.629497349,1.380993192,1.68707759,1.377813435,1.741035665,0.316576191
1.811509533,1.908838612,1.271372641,1.503142873,1.293372762,2.392666582,0.747709774
1.84861325,2.282239807,1.524618189,1.527040695,1.197279044,2.281356382,0.714850723
2.083559977,1.837582896,1.423287942,1.587941255,1.336930322,1.893678054,0.552097038
1.87850929,1.835282512,1.254007763,1.745542381,1.344111928,1.725152466,0.664265672
2.270733411,2.601980323,1.548574311,1.849872905,1.338112949,2.319479988,0.658561805
1.995258423,2.023569496,1.43356644,1.561986951,1.254778055,2.376411627,0.438015032
1.896218917,1.836910442,1.290694536,1.640946697,1.332239297,2.251570067,0.73801098
1.971836342,1.972915255,1.508765416,1.775506148,1.228060209,1.693936123,0.589259892
1.733174908,2.180286843,1.430286752,1.532957708,1.348346842,1.84514128,0.467062726
2.33574883,2.22618987,1.514757374,1.531507868,1.487181155,2.226147814,0.580155518
1.884882956,1.441801516,1.314852149,1.568567985,1.30631343,1.391894691,0.544539719
1.931025544,1.636831562,1.498277743,1.684967622,1.222709263,2.237012309,0.475541585
2.07020338,2.018798068,1.32663893,1.46984046,1.304799685,2.483897652,0.692227101
1.853322661,2.509876388,1.521987673,1.597852547,1.259489392,2.086202606,0.648327111
1.957597964,1.934847649,1.466018351,1.467263388,1.255978404,1.903154852,0.736373106
1.785745389,1.063276791,1.563282936,1.692474441,1.268942331,1.882010657,0.504360575
1.755384177,1.918379846,1.32684391,1.746026867,1.342549987,1.865080794,0.555437245
1.777416686,1.761243056,1.406153074,1.764206879,1.298570751,1.946238548,0.982684524
1.658294765,1.516453247,1.36924103,1.567874722,1.269305165,1.934876473,1.070759512
1.820943372,1.866467006,1.326426987,1.727111335,1.258240549,1.80988453,0.241488589
1.912884345,1.442947126,1.53006507,1.510221153,1.385180585,1.176003084,0.793878354
2.182294318,2.436039898,1.428618118,1.630446152,1.532147469,1.69028107,0.838840239
1.80796044,2.731264601,1.479305096,1.698965831,1.303901641,1.80308663,0.816742656
2.109618594,1.207566503,1.484848555,1.575813091,1.304135522,1.43586604,0.475123785
1.856036195,1.943314516,1.323378576,1.586938489,1.325989665,1.992002824,0.366503571
2.379971995,1.737677791,1.365276513,1.538814198,1.489391063,2.362822252,0.864619092
2.008198266,1.00715704,1.277191018,1.587593287,1.527952514,2.967696603,0.093497373
1.943915559,1.707650817,1.454510671,1.55261741,1.407608096,1.719504973,0.77572096
2.118442348,1.080507613,1.514214321,1.623195279,1.474469134,1.958185858,0.935002716
2.08001573,0.988526002,1.540139005,1.577430763,1.417619096,2.359237454,0.53120574
1.772397934,1.94602391,1.493700743,1.69676603,1.327075949,1.879720512,0.888625104
2.262289704,1.789423856,1.337684664,1.660532282,1.391388198,2.303570277,1.01041864
1.855880964,1.960044816,1.49454573,1.779041696,1.543427846,1.426533524,0.838217506
2.327514427,1.912107791,1.536214987,1.526899018,1.494554657,2.398887307,0.449774923
2.133563946,1.900582042,1.50590516,1.671948031,1.560487849,2.458179008,0.375760449
1.900005489,2.550776527,1.345045421,1.616294946,1.496741835,1.960126222,0.281791828
2.154991888,1.703024047,1.57239696,1.597760939,1.454820496,2.028448486,0.457420629
2.367055489,1.677124535,1.454254926,1.69596823,1.456140899,1.969406365,0.611787279
2.25668024,1.181387354,1.313495652,1.50316693,1.541171208,2.006941471,0.463496398
2.243195657,2.479380767,1.558338755,1.646860667,1.575648666,2.344822426,0.502861019
2.24329133,2.41544757,1.408470284,1.703455726,1.46298591,2.029142874,0.708754244
2.163104123,1.906566008,1.349993606,1.731701171,1.459225772,1.616311407,0.802674983
2.165471049,1.969491864,1.481292871,1.650335943,1.48258161,2.532834261,0.633334092
2.036827127,2.015285147,1.540115963,1.528935027,1.370358646,1.619661145,0.67713182
0.826443932,2.11856927,1.313555171,1.919741416,0.504031943,0.84839312,0.667374596
0.816739845,1.647357842,1.512424141,1.680811584,0.523954903,1.224466166,0.686724429
0.618187356,1.747219832,1.287613799,1.556566838,0.558404276,0.849164854,0.175597856
1.071348694,1.751133452,1.444538859,1.645391126,0.744233389,1.341687301,0.640097354
0.47042535,2.121179871,1.488605948,1.678143353,0.568936927,1.006961639,0.745066903
0.478991586,1.313925459,1.498773989,1.567608754,0.573842957,0.581152404,0.966388416
0.81195732,1.915560225,1.43823173,1.762473902,0.506294323,0.772226247,0.458611512
0.585360175,2.426821329,1.525522204,1.710361426,0.542951692,1.709747554,0.480923358
0.822729845,2.155024587,1.275866355,1.67028335,0.509430715,1.103729805,0.571183084
0.529604126,1.675549814,1.370318848,1.654137605,0.538397569,0.604140273,0.216535028
0.533267295,2.695124849,1.254866565,1.817236003,0.5318312,0.614966729,0.124367761
0.979967952,1.991623458,1.467423331,1.572253754,0.571071606,1.224146709,0.7660829
0.652252195,1.717332718,1.374097883,1.681610911,0.499640247,0.735883577,0.698453838
0.739114973,1.678414603,1.454859317,1.51531178,0.545488311,1.099319044,0.46994573
0.601941638,1.221079761,1.255837273,1.455838542,0.498898325,0.979942598,0.489039767
0.541458275,2.104463295,1.260507418,1.759478162,0.635692085,0.512552881,0.510942849
0.867428871,2.262979328,1.330937564,1.597645798,0.499958852,1.267415994,0.769567692
0.593685305,2.070506597,1.314199777,1.701554246,0.444371451,0.805933555,0.614654483
0.514157403,1.50295224,1.469057078,1.567915564,0.486401579,1.096029788,0.280139092
0.746207145,1.611332026,1.36570211,1.471450913,0.577106346,1.018071489,0.360601771
0.595999004,2.272200677,1.488452718,1.586090023,0.590162287,0.711480794,0.400175654
0.373261056,1.963527835,1.313686529,1.52191866,0.566612061,0.747013546,0.623449482
0.582298423,1.64854829,1.373765949,1.667765198,0.437320525,1.138141206,0.51064787
0.668643098,1.761247054,1.584851153,1.595435461,0.558801821,1.025211208,0.430743527
0.556696209,2.194922531,1.496823658,1.659037025,0.500775836,1.15978044,0.820324267
0.558749564,1.566650584,1.284182132,1.723003099,0.464608754,1.300851543,0.219738861
0.610839068,2.109379976,1.666036647,1.816793315,0.479324459,1.034830171,0.583265779
0.887933383,1.889561675,1.483267001,1.752094786,0.427009967,0.887955884,0.481407764
0.647139531,2.084206741,1.460513778,1.500217884,0.492403522,0.431814117,0.272349734
0.440504745,1.769856226,1.259208441,1.475858987,0.488593945,0.623287304,0.646269998
0.671232013,1.61429563,1.503962324,1.68675189,0.415031967,0.563523968,1.004979365
0.437472155,1.676482694,1.551544289,1.349383045,0.446913543,0.148287182,0.817222739
0.466778731,1.716059526,1.2873732,1.723263177,0.569493918,1.212127445,0.316435497
0.58930018,1.25977764,1.478075043,1.602594034,1.001674002,1.957612984,0.91867327
0.688047635,1.69572525,1.471023809,1.63855503,0.503662201,0.633376867,0.996880564
0.504178139,1.603904876,1.369882518,1.693918316,0.441462768,0.667702791,0.299055759
0.605898598,1.635108886,1.668137881,1.561355918,0.486237166,0.934434735,0.729670829
0.637165856,1.704623108,1.189842539,1.61210025,0.367172173,1.035675238,0.874300579
0.704023452,2.304020044,1.321013362,1.628076338,0.442608286,1.037926901,0.684643105
0.514119828,1.746675137,1.501677092,1.545288732,0.395354703,0.844454326,0.410365894
0.521923313,1.824514079,1.549484671,1.6449043,0.514362609,0.758789503,0.796039124
0.623558908,1.482247458,1.450509849,1.789488948,0.439687396,0.919280573,0.346193931
0.495868822,1.351132867,1.491091026,1.667053796,0.411183807,0.565348898,0.364606271
0.595182849,1.843142955,1.358009922,1.420642335,0.405476863,0.776017382,0.427843914
0.743723322,1.540528872,1.357243182,1.49462757,0.555456427,1.503505166,0.433714969
0.704623387,1.599901337,1.315048427,1.735343051,0.444696016,0.710974214,0.292073771
0.539075287,1.991440415,1.576045453,1.721244221,0.564608519,0.702434624,1.010846626
0.36901514,1.726607209,1.541840115,1.541943393,0.4185851,1.26160524,0.223260309
0.449130014,1.17969863,1.437281222,1.449831612,0.466882268,0.597915635,0.354974445
0.431249705,1.870469674,1.539850273,1.647280061,0.341247638,0.834270804,0.620846128
0.73183324,1.299369584,1.338841547,1.697443523,0.542290676,0.561235829,0.965061684
0.750339522,1.508389068,1.286399463,1.594690394,0.388887265,1.141681894,0.961682447
0.005207865,1.498669601,1.532554057,1.566022852,0.39676663,0.525403469,0.911896081
0.691757835,2.087060133,1.22943358,1.74233759,0.460371675,0.55201453,0.733534456
0.4018061,2.311790673,1.578496535,1.559065363,0.536248044,0.514361396,0.350871857
0.214542625,1.6867403,1.511374797,1.439298623,0.193771388,-0.064117317,0.96666501
0.238790622,1.957096886,1.531011319,1.791844747,0.287390111,0.052983821,0.323092169
0.397025961,1.311326846,1.536943509,1.462465213,0.404782703,0.708090343,0.833457581
0.250697984,2.246784824,1.326062188,1.59585249,0.245883082,0.604418868,0.410490716
0.257107972,1.498580606,1.265456525,1.603205589,0.370929781,1.101469529,1.019640008
0.450374285,2.905537257,1.511915559,1.549729949,0.974032273,1.93370549,0.181476498
0.785798898,1.71304863,1.52106038,1.70028415,0.560918836,1.482912955,0.61794026
0.832732695,2.029349748,1.407837931,1.615540292,0.645881292,0.867929956,0.52398114
0.767891685,1.896775312,1.472973162,1.6335565,0.566932319,0.256766376,0.700709939
0.912951946,1.546050911,1.295602079,1.591636455,0.715569475,0.949388862,0.856997943
0.784021584,1.491645374,1.403555072,1.607261711,0.429588501,0.876110156,0.330560593
0.665650954,2.513052104,1.558411966,1.641917814,0.540700408,0.750676864,0.207464186
0.870326742,2.446092269,1.339519408,1.598285595,0.545169655,0.647255202,0.319526203
0.584154594,2.019628245,1.330735607,1.655607746,0.548290523,0.837648106,0.669957492
0.802625616,2.117905186,1.343254077,1.649701082,0.582851277,1.128944088,0.495487816
0.990019831,2.542597602,1.24703018,1.598473408,0.63746125,1.001443411,0.260900084
0.873711436,1.246132533,1.561199606,1.611611599,0.599941265,1.110354597,1.082735498
1.005548641,2.001857828,1.630364894,1.488376068,0.647529628,1.079540457,0.382332702
0.57137553,1.887164487,1.445866376,1.574438929,0.563319224,0.852146234,0.469064424
0.854794786,2.312778564,1.301180185,1.638619514,0.536944842,1.134841335,0.390947286
0.723283547,2.083174575,1.243067707,1.606979287,0.487939751,0.725181606,0.544793716
0.839706676,2.19719375,1.474465403,1.617806531,0.819620979,1.120788935,0.314712669
1.041303691,1.865382017,1.420813772,1.498868847,0.591258549,1.681890015,0.285338384
0.926134803,2.404080277,1.468535367,1.541929149,0.527793721,1.452900633,0.680504517
0.695063823,1.756005278,1.324272599,1.676709852,0.511975029,1.053786688,0.742965606
0.576176898,2.337117967,1.454565119,1.447773055,0.539554215,0.896859106,0.731749625
0.929245137,1.600896843,1.483595013,1.764404914,0.642172735,0.587349431,1.070940534
0.714803858,1.550135115,1.501885221,1.49540132,0.520053084,1.095023927,0.428274916
0.815095632,1.06624913,1.49548259,1.626799865,0.537345411,0.93608893,0.730054696
0.611745176,1.237076221,1.543554544,1.590247142,0.439253788,0.128960218,0.360571876
0.569255622,1.622639249,1.311828827,1.654401259,0.519786004,0.939141415,0.616116891
0.70198137,2.063840106,1.173099916,1.623601846,0.748373251,1.008039505,0.624734824
0.328907745,1.498309066,1.555915015,1.579265721,0.624417918,0.818217552,0.486026031
0.632037866,1.640604332,1.320327114,1.536589206,0.471088269,0.983358047,0.458607469
0.613388586,2.110019817,1.257616625,1.566481289,0.429854826,0.886375193,0.208705936
0.825814844,1.968403231,1.4969732,1.496506261,0.532931525,0.966707158,0.27424969
0.742816065,2.042200022,1.24461873,1.600215689,0.514567724,1.040495481,0.892591783
0.723422593,1.563376878,1.533322701,1.454321105,0.557084101,0.945386239,0.408035957
0.661264227,1.536325086,1.38328004,1.638268257,0.501593917,0.592583911,0.854948137
0.654279222,1.623352825,1.333441574,1.54177498,0.508896004,0.811473772,1.024617801
0.615159014,1.729656568,1.441943555,1.564201429,0.501615351,1.115394074,1.002832228
0.853313618,1.722814584,1.527859737,1.723467283,0.593537101,1.433577003,0.567019574
0.626459488,1.450813339,1.544080166,1.519773937,0.518355162,0.452914899,0.493776554
0.925553469,1.906621355,1.475590489,1.67377073,0.605958066,1.030155003,0.645521368
0.561121515,1.31864854,1.434478648,1.560067606,0.452550607,1.659427923,0.248606105
0.55302695,1.639177129,1.155982363,1.738778771,0.443574117,1.399366922,0.498501664
0.609189827,1.854151924,1.448407569,1.585290722,0.559066365,0.884777788,0.338219563
0.601733595,1.461852463,1.499010034,1.518378004,0.577663174,0.472956065,1.146374995
0.50444006,1.731641408,1.437873124,1.498897105,0.532065247,0.802289885,0.327226936
0.647313739,1.793925991,1.409808092,1.742521314,0.472504764,0.653789292,0.350150018
0.717634347,2.741507043,1.529814767,1.692987846,0.549488453,1.099628972,0.212609038
0.953165982,2.357144184,1.514787437,1.737229897,0.479272112,1.075536549,0.754917309
0.455897588,2.735470797,1.377069686,1.820917599,0.537962968,0.89499934,0.167460701
0.782802608,2.059703443,1.326355201,1.666992404,0.609826957,0.810589854,0.479775627
0.612005786,2.337031265,1.374474934,1.691886505,0.494859899,0.509357644,0.266299707
0.57573193,3.208037621,1.596631088,1.680390347,0.660778603,0.641272268,0.500994217
0.814558817,1.525287128,1.535306318,1.640885897,0.740035697,1.445793891,0.473875991
1.038331691,2.144534459,1.34973212,1.516403177,1.766872796,3.173908126,0.300943297
0.875407278,2.435885887,1.333814622,1.654501653,0.571222773,1.00609147,0.429555422
0.789116184,1.815439068,1.537083051,1.77417796,0.73281677,1.213315174,0.515691061
0.960275625,1.94318135,1.542436716,1.600666024,0.609839951,1.474205342,0.241556965
0.575035653,2.265402183,1.480283611,1.741850587,0.571041168,1.412847647,0.411989979
0.729585235,2.031073649,1.50044421,1.673809767,0.669129176,0.792075082,0.784145936
1.00007418,1.946979414,1.324966035,1.651083065,0.65492857,0.526095904,0.45096031
0.750973888,1.688348876,1.511970634,1.656635171,0.685016182,1.250952988,1.016169432
0.613753913,2.794455429,1.416330214,1.622228157,0.470705657,0.595284871,0.97081499
0.726231371,1.902476838,1.461153314,1.825436921,0.527356038,0.521098773,0.65663003
1.372325621,0.975700403,0.972028951,-0.035422112,0.924999976,1.185334236,0.976676389
1.193033129,0.579302407,0.360885555,-0.002437769,0.898167585,1.116068923,0.528290876
1.287975884,0.801821698,0.500216576,-0.00869309,0.977092407,1.569683424,0.72430552
1.220171221,0.649978723,0.896653434,0.057772151,0.86298266,1.084501722,0.373949141
1.345200712,0.788561261,0.452832722,-0.129622708,0.870491449,1.590437309,0.861494136
1.061564089,0.83755441,0.318894051,-0.143092514,1.068660767,1.162368016,0.810666723
1.305022424,0.672551725,0.544553991,0.030329893,0.841288149,1.140618772,0.96140097
1.078389405,0.945895049,0.496614748,0.086788925,0.693771112,1.327318197,0.461888395
1.085740777,1.018498381,0.460985524,0.011435491,0.767092614,1.050995709,0.778031011
1.034902601,1.62586022,0.848569511,0.093325907,0.815637544,0.585207918,0.908532782
1.227636217,0.876594081,0.610800824,-0.059960401,0.901135744,0.894044024,0.759727754
1.221562127,1.343060381,0.578729868,-0.029329621,0.727528103,0.687807707,0.720838449
1.195836376,1.857120845,0.570931329,0.025893601,0.965484918,1.533979192,0.676967508
1.429545171,0.942709356,0.434737038,-0.111528258,0.869945716,1.438326982,0.821299328
1.362788463,0.978441871,0.443308708,-0.007831769,1.026768876,1.571104123,0.982898834
1.335403857,1.368358206,1.415962238,1.544969383,0.329183174,0.100839999,0.51815616
1.407525604,0.749111714,0.680391285,0.004743331,0.875572435,1.267299044,0.497102361
1.039349012,1.077212895,0.662920234,0.14477744,0.811345613,1.243987063,0.517153331
1.345957788,1.604591193,0.529461491,0.039222367,0.962483348,1.074937734,0.642145493
1.263167742,1.061148253,0.414399052,0.016272946,0.957087016,1.085270336,0.665496042
0.876157962,1.752648102,1.367076178,1.600761759,1.621289393,2.829332951,0.782759528
1.627812685,0.693152567,0.608695878,0.004760431,0.997527339,1.259007918,0.589936918
1.552025368,0.982004382,0.445565938,-0.147443827,1.144837286,1.905887933,0.674478592
1.408926122,0.562796172,0.369499572,-0.035935364,0.899178746,1.614482003,0.735209163
1.553777707,1.096527677,0.986078847,0.156080554,0.915024936,1.320768655,0.561743383
1.311262393,0.829187723,0.572723859,0.008837094,1.080223796,1.570206033,0.588288658
1.290634711,0.486548174,0.566996649,-0.092708525,0.862997087,1.087359888,0.412898594
1.376794644,1.270418953,0.531846572,0.204991657,0.90461114,0.731610272,0.636138046
1.483365218,0.887968148,0.406603385,-0.055378862,1.016093546,0.940820384,0.487297477
1.528009483,0.914618177,-0.015125183,-0.140337918,0.992239323,1.116595455,0.690674779
1.377897933,0.437113773,0.439351137,-0.009478619,0.945336467,1.596818517,0.645024227
1.581616917,0.884921491,0.487512212,-0.106984233,1.066019107,1.394467714,0.52781495
1.730189054,0.660283896,0.506232295,0.062453601,1.091499391,1.216957445,0.484950867
1.517034549,0.825713109,0.834343885,-0.194109143,0.998075129,1.226177326,0.347518185
1.417443799,1.111026631,0.684243462,0.201711383,0.847182395,1.488928388,0.53490208
1.424234627,1.321878652,0.480999203,-0.121073794,0.881478066,1.360771643,0.433096244
1.704844683,0.396970532,0.519619138,0.118784665,1.130392854,1.452812662,0.60779451
1.304290883,0.708291135,0.208142269,-0.020199757,0.974714127,1.523630723,0.766461355
1.405072695,0.921841829,0.429235638,-0.058845934,0.960133184,0.88146514,0.535199899
1.279413159,0.740535368,0.750716637,0.043985494,0.941932625,1.149492501,0.535097337
1.454980431,1.054839899,0.637716763,-0.133025577,0.939871851,1.530436117,0.683662079
1.274210439,0.832695902,0.693030026,-0.00749271,0.965124929,1.135616703,0.434483974
1.378319605,0.587565037,0.463734931,0.024431269,1.052342261,1.501805564,0.513639429
1.344228761,0.812656916,0.5074533,-0.073838564,0.820227822,1.154124338,0.424128833
1.333284214,0.882985258,0.839653387,0.001288977,0.893287055,1.324834958,0.592634007
1.318779575,0.842785831,0.438215442,-0.05188907,0.927226834,1.335887883,0.744775633
1.215785125,1.113547717,0.373862834,-0.081994084,0.864354462,1.264822789,0.596484125
1.415050711,1.277965344,0.339783617,0.041306837,0.815558848,1.661440237,0.692921307
1.329450838,0.549605521,0.520432756,-0.078206858,0.847804239,1.264773783,0.456817298
1.285307429,0.937987143,0.431119582,0.073040304,0.988859436,1.082915947,0.817981871
1.269989596,0.909798303,0.279544164,-0.073031253,0.874261231,1.123632275,0.463681516
1.623951405,0.727433487,0.488324778,-0.066111745,0.949558834,1.793268236,0.5721899
1.361958902,1.076203292,0.198231311,-0.099118044,0.877505826,1.426613039,0.785299281
1.311272329,0.988998707,0.651745697,-0.041021237,0.855473192,1.205018999,1.075435059
1.366441464,0.959556229,0.742096195,0.00931503,0.950721253,1.371557225,0.864565748
1.626922638,1.100300728,0.676869703,-0.225563926,0.949903929,1.865782086,0.569507516
1.040167669,0.758235402,0.718911205,-0.013417545,0.688959611,1.73652959,0.510847769
1.300688443,0.882486868,0.613893004,-0.035012587,0.894614935,1.478796927,0.400820022
1.36583297,0.870286609,0.617969448,-0.070154447,0.899349916,0.896810108,1.021649756
1.333402501,0.95711593,0.41671483,-0.159309907,1.085861126,1.126092061,0.951286972
1.328940435,0.827933757,0.561485214,0.102098846,0.903718932,1.644228142,0.39639484
1.29369009,2.071545152,0.203101713,-0.002365859,0.888621126,1.401791548,0.613953536
1.287837839,0.890695948,0.566049343,-0.029988265,0.975241576,1.209029214,1.02979054
1.591488763,1.153533739,0.501007303,0.191505183,0.992575967,0.937251752,0.511899383
1.420155243,0.744465517,0.574428702,0.243194016,0.971365573,1.656206539,0.832865943
1.407078372,1.195197316,0.244561117,0.12851871,0.9968407,1.33329358,0.827002244
1.408649942,0.92607734,0.545703994,0.173436637,0.977674706,1.563042451,0.407219175
1.218051277,0.881089377,0.563581159,-0.086416962,0.970806232,0.84893094,0.478481795
1.411639009,1.041621919,0.45073592,0.039144456,0.960728436,0.972344964,0.954604544
1.311878017,1.050148475,0.477558096,0.186553258,0.933088595,1.349028138,0.683199799
1.37467185,1.703915995,0.672493939,0.049409781,1.022731374,1.297536347,0.457843534
1.615978395,0.601875245,0.446851896,0.0363221,0.983746025,1.274894225,0.508989873
1.280206791,1.157797245,0.392441191,-0.120104173,1.055277524,1.957889203,0.764028577
1.423596753,0.868444008,0.526869091,0.013746709,0.952834965,1.691583872,0.329330537
1.587413479,0.743547925,0.372324109,0.056796545,1.025542205,1.814002063,0.59829032
1.157522438,0.878724997,0.785611332,-0.028379551,0.880551131,0.727077075,0.473967406
1.348367436,0.732761742,0.812462221,-0.146448802,0.966275028,1.302262213,0.516426821
1.032533894,0.74497065,0.732353374,-0.198143278,0.897609727,1.12655142,0.571728898
1.170151934,0.985111198,0.699519388,-0.035688768,0.851770386,1.183364424,0.387394289
1.083177488,0.687878897,0.273728931,0.108986847,0.752937355,0.509405791,0.69094854
1.193595609,0.797504651,0.423564562,-0.142467438,0.727044192,1.147650383,0.348543423
0.907358027,1.061573336,0.572153781,-0.020727963,0.761300264,0.968451639,0.803302394
1.048571745,0.80125516,0.582022975,-0.126412163,0.696162485,1.117439223,0.793645776
1.0377732,0.935610556,0.735892484,0.068812116,0.821952926,1.140736212,0.465857699
0.978194427,0.762953115,0.355364134,0.019431379,0.643142222,1.063410237,0.372829083
1.119859401,0.803162877,0.558487343,0.186144433,0.831845461,0.971461131,0.289671768
1.098477212,0.807109798,0.617452647,-0.173540644,0.74187661,1.115024617,0.550674285
1.230304675,0.960479476,0.319158052,-0.023768858,0.734720116,1.045241208,0.466418202
1.069641878,1.185087813,0.354082847,-0.072154414,0.725556101,0.905886206,0.767168411
1.06180497,1.456123283,0.689396869,-0.034652997,0.738814639,1.342164094,0.69908327
1.064204783,1.722158394,0.546575254,-0.205562627,0.663534608,1.395738007,0.819645992
1.151004347,0.651572575,0.398083567,-0.030097866,0.85665158,1.126196773,0.752356508
1.19876014,1.121026185,0.645527885,-0.10203657,0.736462032,1.230306545,1.187461839
1.211341682,0.830771724,0.220932916,-0.076052238,0.797489746,0.810283872,0.694833451
1.125431991,0.676338054,0.708299584,0.199219861,0.804676536,0.90707982,0.833572335
0.917784863,1.063086815,0.516348974,0.033667044,0.773318376,1.231926541,0.686999963
1.362960736,1.148188636,0.487409257,-0.096181251,0.866294045,0.969859367,0.654245425
1.483393426,1.058941453,0.716919743,0.066353239,0.927076635,0.979026355,0.463085543
1.248232934,1.246381143,0.551464867,-0.000508663,0.927259709,1.693992949,0.849626455
1.352641722,1.860236435,0.309331032,0.107791478,0.865181732,1.008162535,0.598195471
1.247419315,1.106135719,0.657143969,-0.276514629,1.039830407,1.023393617,0.873131199
1.438298349,1.702457907,0.913743652,0.041910778,0.956698202,2.080307121,0.551076809
1.364635669,1.128078293,0.46219801,0.005201471,0.96887791,0.959063667,0.633878488
1.28252316,1.719094033,0.136425329,0.155274043,0.892124961,1.074985358,0.940159134
1.460137856,0.853146345,0.469870442,0.033090204,0.909158654,1.571042626,0.373214485
1.451833536,1.177283721,0.8062336,-0.081206264,1.060906565,0.810797536,0.780310745
1.360409641,1.242828717,0.50150359,-0.098939165,0.950198533,0.941923836,0.721283165
1.42483837,1.283015198,0.603866058,-0.13059706,1.011018993,1.349024706,0.878126229
1.617868057,1.023988958,0.953801435,0.099134428,1.118426584,1.321859086,0.450719603
1.426066093,0.909812886,0.692486765,0.059749559,1.060963163,1.599297347,0.930430324
1.606692569,0.817603537,1.00233248,0.25591852,1.197351936,1.117387821,0.354559433
1.613397488,1.129781957,0.489618253,0.006354641,1.10400231,1.56475827,0.712570707
1.787338486,1.030006651,0.669348269,0.044213431,1.027723131,1.630076937,0.493711493
1.664271859,0.329827941,0.7053239,-0.05249841,1.145409756,1.527074351,0.626320253
1.523409188,0.846866649,0.078542016,0.051054614,1.140023802,1.079492537,0.71054779
1.85549315,1.246634008,0.740410436,-0.030163858,1.009426142,1.627856503,0.787624272
1.95835516,0.886656129,0.595029291,-0.073120243,1.065001227,1.983552626,0.859865669
1.577812736,1.222045953,0.409827404,0.073311207,0.936559503,1.900356464,0.525398164
1.627555526,0.971421047,0.452015725,-0.002991628,1.160906819,1.41953586,1.113210549
1.624256697,0.467848995,0.677276538,0.110155312,1.165256497,1.167865458,0.736269936
1.60392888,0.949522358,0.545643102,-0.156449973,1.032580122,1.289183998,0.708234654
1.470475777,1.384030601,0.554493783,-0.218593926,1.005365514,1.359270177,0.706147602
1.521922951,1.062197937,0.683797434,0.027705556,0.924652201,1.348319794,0.547255398
1.244855995,0.927701671,-0.039648726,-0.131896406,1.066202954,1.350781385,0.529182564
1.480771206,0.966330358,0.701325811,-0.251344545,1.122583252,1.586469407,0.632109512
1.373159911,0.91012973,0.883158911,-0.234860763,0.890692413,1.285190992,0.511763721
1.322960163,0.805267488,0.740634691,-0.092258671,0.924390958,1.302642227,0.744538367
1.532030252,0.77955714,0.600620843,0.104571486,1.026962034,1.460867571,0.700388703
1.442483813,0.782098796,0.680976024,-0.099202692,0.946561386,1.43602317,0.65374359
1.318903949,0.799753996,0.331145424,0.274945903,0.964440611,2.15488519,0.827223268
1.498479089,0.684111321,0.502753907,0.222578103,0.962065756,0.930649671,0.531172824
1.497636073,0.989833279,0.226896713,0.166890922,1.018945517,1.636588623,0.881809652
1.276435364,0.614023368,0.614293321,0.050263908,0.896168807,1.508105163,0.506306157
1.303214415,0.856001655,0.418538633,0.110591041,1.058016531,1.190927998,0.547900496
1.327951672,0.973811907,0.356352333,0.002760407,0.97816889,1.296961203,0.472096385
1.472553515,0.809997768,0.406936003,-0.075634934,0.921629943,1.411005157,0.387220977
2.266358255,1.624192481,1.472818154,1.709073003,1.531550668,2.238041516,0.198194478
2.05273104,1.720827122,1.324426795,1.569500212,1.501030583,1.189409361,0.274625415
2.332593382,1.729843526,1.317255682,1.711924423,1.579396702,2.559924443,0.447126072
2.390045987,1.51845747,1.302529101,1.621432107,1.696786018,2.096253195,0.919254149
2.343502884,2.698918046,1.428366701,1.936526631,1.66997302,2.205953352,0.476878706
2.684610772,2.006760756,1.313048561,1.527913176,1.589301223,2.43558077,0.252544914
2.599987864,1.533429699,1.296293905,1.700063114,1.711498412,2.093188394,0.604741215
2.24375056,0.860529989,1.45925107,1.53594927,1.656067133,2.089734453,0.461732961
0.310638136,2.403060971,1.37473525,1.556713342,0.457137313,0.536348851,0.675591334
0.202156892,1.241400407,1.578389673,1.692280135,0.39331959,0.485351753,0.372847074
0.314707617,1.719032339,1.539716226,1.584008709,0.399273824,1.283979922,0.462547857
0.197618719,2.285397871,1.584432796,1.761705407,0.308506665,0.871201504,0.426533919
0.275677917,1.534871243,1.494498809,1.579994915,0.34373515,0.660633088,0.862292041
0.389263189,2.412961612,1.2566763,1.628824742,0.339448446,0.679072606,0.584421832
0.279362285,1.817980306,1.448722992,1.678824202,0.29813248,0.426464987,0.257681121
0.35675702,1.815044746,1.396427975,1.349133275,0.348228732,1.109965773,0.377090489
0.119467293,1.593315122,1.553894343,1.607017503,0.282142615,0.309876802,0.660059443
0.12018558,2.171010051,1.435030959,1.554500384,0.221989837,0.683449861,0.708099405
0.248880288,1.784637768,1.609404178,1.792541321,0.361532202,0.477040398,0.773537965
0.178802398,1.359921357,1.406834935,1.600908729,0.334226618,0.511848084,0.532088851
0.257578186,1.183589495,1.556804185,1.638796594,0.361367433,1.17320853,0.404119848
0.590013204,1.596095126,1.272596806,1.586995095,0.481157565,0.669353804,0.404992617
0.193093418,1.856911536,1.527306244,1.741983454,0.227954856,0.391131067,0.763639159
0.541211646,1.787430248,1.449774125,1.242587576,0.316689425,0.173670534,1.031651225
0.377066643,1.289459967,1.540327227,1.534926611,0.383474158,1.20224596,0.892460859
0.242201909,1.845755555,1.378171555,1.616375343,0.234108707,0.827755766,0.943095121
0.178104502,2.035613594,1.287459581,1.716263423,0.282828667,-0.053689575,0.496923766
0.244414741,1.500191663,1.495164672,1.663029031,0.288496003,0.381084543,0.437370662
0.0494013,1.426588877,1.513455212,1.532555896,0.344125365,0.104645488,0.370571387
0.181259227,1.875201854,1.576144705,1.671642055,0.299660744,0.619663481,0.328880168
0.024794808,2.308215857,1.553445582,1.903698394,0.20624814,1.00382136,0.439343145
0.057315909,2.103763196,1.465080889,1.62435121,0.180222139,0.461646662,0.878062701
0.344136033,1.935714436,1.456036225,1.621523472,0.440028403,0.571269295,0.874917018
0.065188422,1.825772593,1.294374132,1.630497029,0.245788534,-0.023979342,0.803645899
0.089147047,2.05816819,1.311012359,1.834168623,0.278406413,0.295019568,0.91759972
0.023866234,2.017842635,1.53821183,1.715377498,0.245906238,0.518948937,0.354628882
0.145105288,1.931335641,1.277893436,1.652857637,0.281989167,1.148205286,0.631004625
0.172719376,1.836658959,1.512365315,1.620360901,0.289073811,0.568642105,0.707348286
0.564990948,1.400864063,1.304276557,1.37928346,0.468237626,1.12616835,0.711874436
0.338587073,2.891803876,1.415741071,1.621814518,0.49814835,0.898110584,0.800382952
0.751746402,2.395410547,1.482476948,1.584427779,0.488381403,0.215008457,0.103758524
0.165182137,2.15125707,1.450167836,1.589107395,0.354998507,0.570900706,0.719874614
0.172889937,2.871183722,1.37077529,1.669268598,0.4436482,0.790147326,0.297260492
0.283217373,2.458800927,1.347118339,1.499520482,0.426877901,0.775769356,0.841455559
0.321380176,2.583216285,1.320850368,1.861076715,0.242683309,0.966620776,0.790686618
0.317416528,2.439995565,1.304667374,1.471784426,0.344002087,1.015014927,0.850994691
0.076060901,2.145089367,1.395253923,1.519255937,0.319366013,0.564103786,0.225808685
0.451155393,2.092548009,1.370760147,1.705020634,0.411703716,0.066294386,0.50856458
0.237528551,2.709429691,1.333737964,1.679586188,0.294220573,0.443214341,0.949685748
2.108094956,2.041427789,1.217827097,1.662748717,1.248070367,1.158763003,0.465644415
2.060708042,1.433912899,1.372726277,1.62203367,1.474896493,1.268582517,0.67166741
1.84886924,2.863944827,1.551080543,1.572585579,1.312269433,1.405902241,0.927617255
1.962037653,1.442836585,1.367310882,1.629151578,1.327119451,1.831960565,0.506779562
2.222591559,2.220832787,1.300593321,1.596758708,1.501827722,2.107511232,0.237056561
2.019495422,1.377224866,1.288776949,1.795497953,1.599074453,1.532941414,0.725279112
2.310530518,2.207773149,1.395655237,1.594393011,1.529161142,2.421635761,0.161359214
2.246548186,2.294719133,1.531590164,1.653160685,1.394204307,1.893290767,0.509957569
2.131850043,2.222711897,1.509151822,1.803996801,1.560845959,2.470890846,0.90858171
2.258707399,2.210753546,1.548944356,1.692478339,1.503674464,1.749680236,0.507542186
2.460235735,1.936363402,1.470206003,1.690570285,1.73595581,2.119504859,0.215623474
2.155534831,2.175403021,1.528196625,1.72408307,1.348562548,2.048014469,0.177946276
2.39364117,1.812393533,1.354785965,1.667402019,1.594230775,1.914848146,0.78028842
2.272674562,1.933450988,1.234405824,1.547439623,1.473796151,2.686447004,0.53127793
2.324001488,2.040541263,1.50651539,1.614676276,1.599589102,2.595734932,0.357122299
2.333027477,1.118887958,1.600162772,1.753519296,1.578773467,2.068260257,0.737360361
2.550622954,2.229983471,1.533188742,1.686565228,1.611397151,2.171324739,0.922160667
2.365903043,2.241257609,1.314565794,1.750244997,1.649823096,2.4721165,0.853437916
2.493744681,2.0680059,1.36183018,1.749993113,1.601731371,2.550764363,0.29599608
1.983935526,1.562638343,1.566900746,1.582227589,1.383666345,2.198701288,0.328118109
2.339555435,1.470443576,1.341085665,1.61524012,1.647328685,1.897824346,0.343398585
2.377435418,1.720371524,1.462312779,1.689562017,1.595289497,2.454477528,0.775112409
2.503317677,1.689662362,1.450298089,1.579788305,1.686897166,2.549385908,0.207654089
2.57648392,2.040653827,1.259294368,1.617060531,1.658464731,2.677010733,0.798414569
2.374944643,2.160470568,1.330716801,1.775819571,1.585610874,2.572783993,0.745058856
2.454809613,1.615371656,1.595796889,1.647146038,1.64088367,2.583351735,0.694745769
2.667737154,2.166130938,1.545176356,1.673375656,1.682735577,2.451321503,0.66225824
2.389853438,2.052791424,1.252022288,1.80078543,1.676814862,2.340161897,0.742975204
2.578255001,1.48846992,1.289815963,1.657458251,1.618928067,2.644813404,0.398789775
2.629243649,1.194765051,1.534191524,1.702024485,1.615038889,2.355683419,0.642905245
2.481346116,1.793716484,1.618634476,1.630766078,1.688720094,2.284217397,0.796774322
2.52420494,1.854021118,1.477336399,1.571944671,1.547539364,2.315882061,0.515387335
2.533835171,2.07360738,1.483196075,1.612152417,1.694638996,2.473580212,0.596575281
2.323328498,2.458062656,1.211568974,1.602461902,1.665779718,1.975801276,0.439337176
2.429827056,1.421300238,1.332091151,1.652039029,1.656648717,1.950173616,0.255144696
2.511972254,2.305677088,1.360807754,1.699780659,1.709147001,2.332641443,0.251302323
2.39572426,2.2353827,1.644805502,1.55738408,1.636463718,2.292693135,0.258234167
2.551363237,1.851487874,1.341130073,1.699380165,1.646919455,2.666781306,0.180373264
2.479853783,2.270921223,1.312272469,1.747079256,1.770878988,2.396876966,0.529369715